id;firstname;lastname
100;Loree;Weide
101;Gianina;Atonsah
102;Babita;Wyn
103;Caressa;Ajay
104;Brynna;Koziara
105;Taffy;Viddah
106;Bettine;Whiffen
107;Tarra;Junie
108;Monika;Gamaliel
109;Fernande;Niccolo
110;Ilse;Glovsky
111;Madelle;Reidar
112;Elsie;Old
113;Nollie;Parsaye
114;Jerry;Nea
115;Louella;Malvino
116;Gilda;Hathaway
117;Genevra;Pacorro
118;Viki;Fadiman
119;Beatriz;Vharat
120;Kore;Birdella
121;Lorne;Fax
122;Estell;Skell
123;Nyssa;Peonir
124;Alia;Halla
125;Jsandye;Wadell
126;Millie;Manolo
127;Tersina;Dichy
128;Kassey;Bendick
129;Lynnea;Loleta
130;Merle;Magdalen
131;Gwenneth;Lissi
132;Maisey;Bronk
133;Dawn;Bultman
134;Sonni;Buffum
135;Katleen;Camden
136;Heida;Pearse
137;Aigneis;Bonilla
138;Maisey;Salvidor
139;Dolli;Louanna
140;Stephanie;Ochs
141;Tori;Natalia
142;Morganica;Krystle
143;Tobe;Dudley
144;Fernande;Thema
145;Gerianna;Ephrem
146;Caryl;Zrike
147;Margette;Tacye
148;Joceline;Evvie
149;Nicoli;Mehalek
150;Gwenneth;Laurianne
151;Ilse;Cornelia
152;Christal;LaRue
153;Cam;Chinua
154;Gerianna;Chobot
155;Trudie;Rocray
156;Lindie;Cherianne
157;Tiffie;Raama
158;Malina;Warthman
159;Heida;Lenny
160;Danika;Telfer
161;Arlina;Ricki
162;Helsa;Arathorn
163;Georgetta;Waldron
164;Lita;Gavrila
165;Brandise;Nikaniki
166;Fernande;Rona
167;Sheree;Urania
168;Sibella;Goode
169;Lucille;Hurley
170;Lorenza;Hubert
171;Sallie;Giff
172;Gilligan;Dituri
173;Deirdre;Kiyoshi
174;Zsa Zsa;Thema
175;Jinny;Warthman
176;Linet;Pulsifer
177;Marline;Gower
178;Jillayne;Persse
179;Allyce;Pond
180;Frieda;Libna
181;Lynnea;Atcliffe
182;Roxane;Glovsky
183;Cassandra;Miru
184;Ardys;Birdella
185;Candy;Cleo
186;Neila;Truc
187;Judy;Willie
188;Jaclyn;Raychel
189;Charlena;Kussell
190;Mureil;Adore
191;Aili;Kylander
192;Margarette;Janene
193;Frank;Jillane
194;Wilma;Sidonius
195;Karly;Wooster
196;Lilith;Tufts
197;Carmencita;Remmer
198;Mariann;Elo
199;Marnia;Milson
200;Suzette;Center
201;Claresta;Phyllis
202;Theodora;Kinnard
203;Vanessa;Tarrant
204;Etta;Auberbach
205;Jany;Japeth
206;Bobinette;Brotherson
207;Rosanne;Honoria
208;Beth;Jorgan
209;Cristabel;Natica
210;Berget;Ummersen
211;Lynde;Presber
212;Cindelyn;Glenden
213;Odessa;Lanita
214;Lexine;Colleen
215;Gerrie;Weitman
216;Noelle;Jammal
217;Bill;Zaslow
218;Dorene;Fredi
219;Edyth;Land
220;Lisette;Carri
221;Kassey;Greyson
222;Jessamyn;Kelula
223;Elfreda;Fleeta
224;Devina;Adamsen
225;Paola;Lemuela
226;Margette;Gusella
227;Roz;Fadiman
228;Miquela;Dalli
229;Ariela;Clarissa
230;Liana;Willie
231;Catharine;Rosette
232;Catharine;Woodberry
233;Teriann;Thema
234;Aurelie;Belldas
235;Goldie;Therine
236;Arabel;Kauppi
237;Teriann;Brandice
238;Cissiee;Letsou
239;Claudina;Zrike
240;Cyb;Ball
241;Alyssa;Westphal
242;Gavrielle;Toor
243;Dacia;Vins
244;Pamella;Ferino
245;Fina;Shaver
246;Ardys;Cornelia
247;Glynnis;Miru
248;Sherrie;Jagir
249;Melodie;Diogenes
250;Christal;Morehouse
251;Kelly;Cassius
252;Almeta;Yusuk
253;Daryl;Wilkinson
254;Celestyna;Rodmann
255;Aeriela;Merriott
256;Madeleine;Han
257;Cissiee;Ricarda
258;Alameda;Seessel
259;Dulce;Trace
260;Gretal;Belanger
261;Fidelia;Sholley
262;Margette;Aaberg
263;Regina;Soneson
264;Theodora;Lenny
265;Mariann;Genna
266;Sidoney;Fulmer
267;Etta;Geffner
268;Belinda;Travax
269;Arabel;Weitman
270;Sashenka;Pacorro
271;Jackie;Tamsky
272;Violet;Ledah
273;Addia;Campball
274;Laurene;Corilla
275;Ileana;Stacy
276;Karly;Goth
277;Fred;Nahum
278;Kara-Lynn;Etom
279;Di;Emerson
280;Hope;Hilbert
281;Lory;Thad
282;Etta;Sallyann
283;Adriana;Barbey
284;Gloria;Weide
285;Cecile;Calhoun
286;Daryl;Toor
287;Phedra;Vharat
288;Lizzie;Nelsen
289;Ruthe;Aprile
290;Chandra;Gower
291;Tiffie;Gaynor
292;Donetta;Dimitris
293;Hannis;Wu
294;Gabriellia;Rona
295;Cassandra;Standing
296;Tabbatha;Ferrell
297;Rhoda;Decato
298;Gloria;Dorothy
299;Sibella;Shuler
300;Jolyn;Voletta
301;Dennie;Holbrook
302;Oralee;Thema
303;Corene;Mendez
304;Adele;Cassius
305;Gusty;Milson
306;Aeriela;Hortensia
307;Brynna;Duwalt
308;Lelah;Tomasina
309;Vinita;Kylander
310;Lusa;Cornelia
311;Fanchon;Pelagias
312;Lizzie;Jillane
313;Pollyanna;Pauly
314;Coral;Zuzana
315;Lenna;Candy
316;Charmaine;Odysseus
317;Laure;Mandler
318;Darci;Shama
319;Adriana;Lareena
320;Rhea;Hunfredo
321;Anallese;Kamaria
322;Modestia;Tjon
323;Myrtice;Corabella
324;Daphne;Malvino
325;Sharai;Tryck
326;Sheree;Yuille
327;Doro;Israeli
328;Raquela;Rossner
329;Miquela;Schwejda
330;Leona;Juan
331;Brana;Konyn
332;Viviene;Dielu
333;Corly;Fosque
334;Ezmeralda;Korey
335;Joceline;Atonsah
336;Trixi;Pandolfi
337;Inga;Cornelia
338;Justinn;Milson
339;Annora;Alabaster
340;Kate;Toor
341;Miquela;Bonilla
342;Livvyy;Cosenza
343;Lanna;Engdahl
344;Sidoney;Shaddock
345;Leanna;Elvyn
346;Moyna;Lareena
347;Carmela;Ax
348;Anica;Charmine
349;Berta;Adlare
350;Ada;Maryanne
351;Minne;Camden
352;Rozele;Zuzana
353;Shaine;Clarissa
354;Cherilyn;Ranjiv
355;Ulrike;Lorain
356;Taffy;Wandie
357;Fredericka;Howlyn
358;Paulita;Buttaro
359;Binny;Oriana
360;Gui;Arvo
361;Lindie;Jehu
362;Sibella;Talia
363;Brietta;Desai
364;Stephanie;Waldron
365;Shaine;Thomasina
366;Nataline;Allina
367;Lory;Jenness
368;Trixi;Carmena
369;Iseabal;Fredi
370;Viviene;Nelsen
371;Atlanta;Moina
372;Elora;Bord
373;Minne;Gavrila
374;Carol-Jean;Baudin
375;Joy;Krystle
376;Perry;Pattin
377;Adele;Hamil
378;Maye;Duwalt
379;Sadie;Presber
380;Laurene;Borrell
381;Kassey;Ioab
382;Frieda;Zola
383;Maye;Hylan
384;Sadie;Weide
385;Andeee;Duwalt
386;Donetta;Stephie
387;Robbi;Lilybelle
388;Ginnie;Pattin
389;Kelly;Clara
390;Hildegaard;Barney
391;Sean;Ackerley
392;Marline;Laurianne
393;Starla;Delila
394;Lynde;Oneida
395;Ira;Carlson
396;Kirbee;Myrilla
397;Lilith;Hanshaw
398;Jany;Wadell
399;Roslyn;Bennie
400;Clarice;Corabella
401;Janey;Juliet
402;Lacie;Percy
403;Karena;Diogenes
404;Laurene;Delacourt
405;Damaris;Lane
406;Tressa;Chesna
407;Nannie;Eno
408;Ermengarde;Schonfeld
409;Dolli;Janene
410;Chere;Primalia
411;Hettie;Ethban
412;Philis;Noman
413;Konstance;Alrich
414;Cacilie;Beniamino
415;Lelah;Bearnard
416;Madeleine;Ietta
417;Caryl;Vharat
418;Michaelina;Leffen
419;Clo;Stacy
420;Barbara;Honoria
421;Emylee;Carri
422;Candi;Lissi
423;Gale;Iaverne
424;Vonny;Papageno
425;Kittie;Afton
426;Jerry;Daegal
427;Rayna;Blase
428;Peri;Israeli
429;Lilith;Honoria
430;Ernesta;Grayce
431;Brietta;Emanuel
432;Camile;Weitman
433;Dorothy;Lay
434;Lucille;Schonfeld
435;Renie;Naashom
436;Rhoda;Lynn
437;Daune;Briney
438;Kalina;Jefferey
439;Candy;Hunfredo
440;Jaclyn;Tremayne
441;Wendi;Raimondo
442;Valeda;Alrich
443;Sheree;Kolnick
444;Jenda;Urania
445;Lucille;Ephrem
446;Lorenza;Johnsson
447;Regina;Taima
448;Sheree;Milson
449;Jobi;Bettine
450;Phylis;Seumas
451;Stevana;Tomasina
452;Corry;Francyne
453;Kathy;Creamer
454;Zaria;Bach
455;Carmela;Ahab
456;Mariele;Adore
457;Robinia;Halla
458;Roz;Valerio
459;Kellen;Larochelle
460;Juliane;Kristi
461;Hope;Tannie
462;Dulcinea;Obed
463;Adele;Dex
464;Luci;Zola
465;Felice;Leonard
466;Dagmar;Pitt
467;Vita;Leifeste
468;Codie;Fancie
469;Monika;Madelene
470;Layla;Weinreb
471;Natka;Lauraine
472;Ronna;Maiah
473;Tersina;Bow
474;Lynde;Sasnett
475;Clementine;Federica
476;Berta;Han
477;Lusa;Bendick
478;Latisha;Schlosser
479;Tamqrah;Garlinda
480;Calla;Hull
481;Ivett;Francene
482;Kerrin;Wu
483;Dulce;Persse
484;Yvonne;Sandye
485;Sue;Hachmin
486;Sheelagh;Wu
487;Paule;Dichy
488;Jasmina;Guthrie
489;Gusella;Atonsah
490;Doralynne;Phi
491;Vere;Baptlsta
492;Trixi;Zeeba
493;Dari;Kirbee
494;Angelique;Even
495;Cacilie;Stevy
496;Blondelle;Wenda
497;Ninnetta;Yusuk
498;Letizia;Rillings
499;Tabbatha;Zamora
500;Carly;Socha
501;Lita;Ophelia
502;Kaja;Nance
503;Lita;Hessler
504;Eugine;Cleavland
505;Fayre;Hieronymus
506;Misha;Kiyoshi
507;Florencia;Kalinda
508;Mignon;Bach
509;Sabina;Rustice
510;Rosaline;Tacye
511;Gertrud;Izaak
512;Stacey;Malina
513;Xylina;Garek
514;Zia;Pandolfi
515;Sherrie;Ricki
516;Raf;Winnick
517;Coral;Means
518;Babita;Thar
519;Zaria;Zeeba
520;Kassey;Chandler
521;Lilith;Oneida
522;Doro;Mata
523;Tonia;Raimondo
524;Violet;Gaal
525;Kaia;Gaspard
526;Meg;Firmin
527;Regina;Marijo
528;Hollie;Edvard
529;Nyssa;Waldron
530;Briney;Camden
531;Veda;Sandye
532;Linet;Juliet
533;Desirae;Middleton
534;Roxane;Quinn
535;Nita;Mitzi
536;Jean;Alfons
537;Aurore;Even
538;Sashenka;Tarrant
539;Allyce;Teryn
540;Blinni;Aaberg
541;Nanete;Voletta
542;Justinn;Cadmar
543;Amelia;Rosette
544;Kirstin;Margret
545;Jacquetta;Christine
546;Luci;Kenwood
547;Kenna;Candy
548;Tomasina;Japeth
549;Loree;Gualtiero
550;Arabel;Rossner
551;Celestyna;Percy
552;Ricky;Urias
553;Mallory;Billye
554;Aurore;Adamsen
555;Cyndie;Ferino
556;Raf;Virgin
557;Rochette;Franza
558;Cristabel;Tjon
559;Selma;Brunell
560;Clementine;Gavrila
561;Benita;Georas
562;Magdalena;Geffner
563;Hyacinthe;Stuart
564;Gusella;Pattin
565;Sean;Blake
566;Ileana;Amethist
567;Tierney;Carleen
568;Brana;Phaidra
569;Heddie;Gahl
570;Tersina;Elvyn
571;Joeann;Goode
572;Tracey;Dulciana
573;Henriette;Horan
574;Zondra;Ferino
575;Shannah;Ruvolo
576;Glenda;Granoff
577;Elora;Terrence
578;Almeta;Hutchison
579;Angela;LaRue
580;Dari;Cressida
581;Lory;Wittie
582;Myrtice;Santoro
583;Gwyneth;Norrie
584;Reeba;Shaver
585;Celisse;Vittoria
586;Paule;Connelly
587;Fanchon;Arathorn
588;Alyda;Brunell
589;Lexine;Pettiford
590;Lory;Fillbert
591;Courtnay;Chinua
592;Ileana;Aprile
593;Tina;Kimmie
594;Feliza;Malvino
595;Ofilia;Cristi
596;Jennica;Maurine
597;Jorry;Pacorro
598;Danny;Denis
599;Merci;Mintz
600;Lilith;Deny
601;Monika;Shields
602;Atlanta;Euridice
603;Catharine;McNully
604;Sabina;Anastatius
605;Rivalee;Peonir
606;Alisha;Raul
607;Aigneis;Amasa
608;Emmey;Hertzfeld
609;Christian;Delacourt
610;Dotty;Phi
611;Jacenta;Tryck
612;Nickie;Ferino
613;Sybille;Judye
614;Annora;Lamoree
615;Kate;Faso
616;Gisela;Schenck
617;Karolina;Sibyls
618;Karolina;Tybald
619;Joy;Mayeda
620;Dagmar;Jorgan
621;Queenie;Parsaye
622;Ermengarde;Wallis
623;Gretal;Drisko
624;Suzette;Ardra
625;Vivia;Alwin
626;Maurene;Eugenia
627;Genovera;Hull
628;Ana;Colp
629;Elise;Nahum
630;Lynea;Kannry
631;Corry;Cleo
632;Danika;Janene
633;Dominga;Silvan
634;Audrie;Millda
635;Ira;Ader
636;Asia;Schalles
637;Tressa;Angelis
638;Violet;Kosey
639;Letizia;Autrey
640;Teddie;Mehalek
641;Bill;Gaulin
642;Marita;Ehrman
643;Cissiee;Berard
644;Cassandra;Dahlia
645;Carly;Haerr
646;Anestassia;Eldrid
647;Elmira;Gunn
648;Ethel;Darian
649;Imojean;Norrie
650;Adriana;Eachern
651;Gusty;Hubert
652;Alia;Belldas
653;Regina;Zeeba
654;Shannah;Richers
655;Edee;Niles
656;Ericka;Stefa
657;Dede;Chem
658;Trudie;Ball
659;Alleen;Devlen
660;Briney;Chobot
661;Leia;Mott
662;Modestia;Buttaro
663;Meghann;Koziara
664;Dorene;Irmine
665;Esmeralda;Love
666;Adore;Bashemeth
667;Ezmeralda;Kristi
668;Nadine;Richers
669;Berget;Schenck
670;Arlina;Regan
671;Lusa;McNully
672;Ulrike;Goode
673;Grier;Dosia
674;Briney;Lytton
675;Layla;Alfons
676;Candi;Henebry
677;Nadine;Shaver
678;Rozele;Sawtelle
679;Tracey;Brandice
680;Marleah;Hartnett
681;Christian;Odell
682;Marti;Ledah
683;Gwyneth;Chick
684;Zia;Rebecka
685;Annabela;Saree
686;Zaria;Ambrosia
687;Sherrie;Old
688;Celene;Florina
689;Rosabelle;Tristram
690;Letizia;Olnee
691;Dari;Cohdwell
692;Sam;Ortrude
693;Lolita;Barrus
694;Charlena;Fontana
695;Lenna;Rebecka
696;Lily;Hepsibah
697;Arlina;Danby
698;Vanessa;Ashely
699;Micheline;Fabiola
700;Nataline;Carri
701;Dawn;Gerge
702;Nadine;Lilas
703;Brana;Yerkovich
704;Romona;Ophelia
705;Bobinette;Schenck
706;Chickie;Lea
707;Genovera;Donell
708;Ira;Garlinda
709;Robbi;Crudden
710;Tina;Turne
711;Juliane;Erlandson
712;Teriann;Zetta
713;Verla;Kendrick
714;Annice;Burch
715;Concettina;Evangelia
716;Madelle;Douglass
717;Georgina;Madox
718;Adriana;Nedrud
719;Blinni;Saree
720;Hannis;Abernon
721;Mathilda;Alva
722;Correy;Chem
723;Lauryn;Prouty
724;Lacie;Klotz
725;Joane;Winnick
726;Pearline;Cavan
727;Elfreda;Lareena
728;Micheline;Lia
729;Maurene;Jacinda
730;Dorothy;Rossner
731;Julieta;Stanwood
732;Etta;Kathie
733;Vonny;Rebecka
734;Lexine;Parette
735;Dyann;Deny
736;Pearline;Joli
737;Jessy;Arley
738;Merci;Harned
739;Gwenneth;Nahum
740;Edyth;Bultman
741;Gabi;Hirsch
742;Modestia;'O"'Rourke'
743;Dania;Bord
744;Lonnie;Old
745;Kittie;Chinua
746;Alyssa;Maxi
747;Nita;Goldina
748;Theodora;Urias
749;Ursulina;Junie
750;Devina;Teryn
751;Nonnah;Cecile
752;Belva;Buttaro
753;Brianna;Dawkins
754;Vita;Taima
755;Ebonee;Amethist
756;Babita;Kimmie
757;Carlie;Annice
758;Merry;Harday
759;Grier;Selway
760;Teddie;Riordan
761;Sean;Ball
762;Nonnah;Wittie
763;Jemie;Pip
764;Darlleen;Hedve
765;Willetta;Melan
766;Jere;Ventre
767;Concettina;Hermes
768;Nickie;Othilia
769;Elbertina;Maryanne
770;Lyssa;Kenwood
771;Calla;Erlandson
772;Kylynn;Moseley
773;Roz;Nester
774;Myriam;Vorster
775;Joelly;Brian
776;Josephine;Hylan
777;Basia;Bartlett
778;Lisette;Faust
779;Lizzie;Schlosser
780;Annora;Taam
781;Belinda;Elephus
782;Roslyn;Waldron
783;Madeleine;Laverne
784;Althea;Cavan
785;Amelia;Damarra
786;Albertina;Socha
787;Konstance;Leary
788;Claudina;Aida
789;Madalyn;Junie
790;Gaylene;Couture
791;Gavrielle;Curren
792;Perry;Belanger
793;Dorothy;Krystle
794;Lolita;Aurelio
795;Kerrin;Lamoree
796;Nerta;Gusella
797;Madelle;Ivens
798;Nyssa;Terrence
799;Lily;Scammon
800;Jordan;Eldrid
801;Orsola;Scammon
802;Josephine;Aprile
803;Barbi;Aldric
804;Zondra;Eckblad
805;Penelopa;Kaete
806;Darlleen;Silvan
807;Nollie;Haerr
808;Jessy;Hylan
809;Ottilie;Sundin
810;Jan;Kaja
811;Hayley;Jarib
812;Nelle;Fiann
813;Adore;Cecile
814;Sissy;Kylander
815;Elora;Ciapas
816;Justinn;Strephon
817;Larine;Zetta
818;Roberta;Septima
819;Ilse;Birdella
820;Tiffie;Nerita
821;Jany;Kenwood
822;Letizia;McCutcheon
823;Kittie;Verger
824;Nicoli;Albertine
825;Meriel;Weinreb
826;Diena;Waite
827;Aryn;Laurianne
828;Maurene;Garrison
829;Jerry;Jehu
830;Orsola;Wind
831;Sidoney;Wenda
832;Ethel;Noman
833;Allyce;Georgy
834;Ivett;Guthrie
835;Lynde;Charity
836;Linzy;Tiffa
837;Frances;Zina
838;Gilda;Cosenza
839;Angela;Bultman
840;Susan;Hunfredo
841;Marnia;Alwin
842;Devina;Gino
843;Tomasina;Baylor
844;Reeba;Mike
845;Reeba;Niccolo
846;Wilma;Anis
847;Molli;Wilkinson
848;Deedee;Orpah
849;Winny;Carvey
850;Arlina;Alejoa
851;Beth;Telfer
852;Susan;Raama
853;Estell;Harl
854;Carree;Swanhildas
855;Damaris;Pernick
856;Minda;Rustice
857;Gilda;Garbe
858;Ann-Marie;Stanwood
859;Shandie;Burch
860;Gisela;McLaughlin
861;Steffane;Ludewig
862;Candi;Zrike
863;Peri;Korey
864;Fina;Burnside
865;Gaylene;Felizio
866;Kamilah;Camden
867;Heida;Sibyls
868;Siana;Burkle
869;Dorene;Saunderson
870;Jessy;Harday
871;Steffane;Oscar
872;Charlena;Pip
873;Bettine;Colleen
874;Melina;Oscar
875;Lindie;Masao
876;Paulita;Joli
877;Ottilie;Beniamino
878;Sam;Morehouse
879;Dyann;Nance
880;Emylee;Jacobah
881;Jacenta;Moseley
882;Charlena;Old
883;Marika;Tyson
884;Correy;Olin
885;Kerrin;Middleton
886;Tina;Lory
887;Ottilie;Chem
888;Gaylene;Macey
889;Larine;Ashok
890;Gertrud;Elisha
891;Ezmeralda;Chinua
892;Mamie;Aprile
893;Rani;Gunn
894;Eugine;Elbertina
895;Drucie;Kylander
896;Georgetta;Madaih
897;Ardys;Kussell
898;Raf;Teryn
899;Taffy;Marlie
900;Juliane;Allys
901;Gilligan;Pip
902;Helsa;Saint
903;Lanna;Natalia
904;Nanete;Ogren
905;Quintina;Robertson
906;Adriana;Noman
907;Robbi;Truc
908;Christian;Bennie
909;Louella;Campball
910;Cathyleen;Love
911;Danika;Lanita
912;Estell;Ellord
913;Celestyna;Reneta
914;Ellette;Hubert
915;Nyssa;Judye
916;Raquela;Stilwell
917;Krystle;Ulphia
918;Selia;Anis
919;Flo;Gabrielli
920;Alex;Janith
921;Max;Kaja
922;Mamie;Kylander
923;Trudie;Gillan
924;Madalyn;Rosalba
925;Bernie;Suk
926;Lyssa;Lipson
927;Gerianna;Codding
928;Norine;Raychel
929;Layla;Giff
930;Gui;Jalbert
931;Paulita;Shanley
932;Fanny;Juan
933;Mignon;Bennie
934;Katharina;Lewes
935;Christy;Tremayne
936;Lanae;Liva
937;Ada;Verger
938;Gisela;Olnee
939;Willetta;Carri
940;Marti;Muriel
941;Katleen;Bord
942;Vanessa;Audly
943;Donnie;Haerr
944;Chloris;Oriana
945;Zondra;Tamsky
946;Janey;Zina
947;Cyndie;Borrell
948;Tersina;Caitlin
949;Marita;Berriman
950;Tiffie;Bebe
951;Orsola;Tound
952;Gale;Rubie
953;Hollie;Lesley
954;Sandie;Tengdin
955;Adriana;Jammal
956;Hope;Ilka
957;Barbi;Chem
958;Lorenza;Kermit
959;Carmela;Isidore
960;Mamie;Iiette
961;Rhoda;Thilda
962;Jillayne;Wu
963;Annora;Chandler
964;Katuscha;Anestassia
965;Tilly;Diogenes
966;Jorry;Nester
967;Ashlee;Suanne
968;Sindee;Natica
969;Robbi;Donoghue
970;Dulce;Lunsford
971;Zaria;Vivle
972;Bernie;Clie
973;Mara;Anestassia
974;Rayna;Felizio
975;Glenda;Goode
976;Dania;Martsen
977;Olwen;Saree
978;Helena;Quent
979;Jaime;Kirbee
980;Tonia;Halsey
981;Layla;Dowski
982;Flo;Howlyn
983;Viki;Dielu
984;Tonia;Masao
985;Nerta;Weitman
986;Roxane;McNully
987;Darci;Liebermann
988;Romona;Warthman
989;Larine;Egbert
990;Alisha;Taam
991;Annaliese;Lynn
992;Aurore;Rubie
993;Romona;Rogerio
994;Elyssa;Jorgan
995;Yvonne;Lasley
996;Gabriellia;Capello
997;Ericka;Urias
998;Hope;Shaddock
999;Kaia;Lissi
1000;Gerrie;Alabaster
1001;Clarice;Ruvolo
1002;Lisette;Gusella
1003;Johna;Rooney
1004;Alex;Taima
1005;Marnia;Afton
1006;Pamella;Briney
1007;Ardeen;Kalinda
1008;Ardys;Carmena
1009;Celisse;Yam
1010;Roseline;Brackely
1011;Dale;Pulsifer
1012;Frances;Mayeda
1013;Meg;Hedve
1014;Bernardine;Shama
1015;Frieda;Kirbee
1016;Alex;Amadas
1017;Rori;Kussell
1018;Jerry;Maroney
1019;Deloria;Grimbly
1020;Ricky;Zola
1021;Stevana;Olnee
1022;Belva;Cohdwell
1023;Jennica;Hortensia
1024;Jessy;Codding
1025;Romona;Eckblad
1026;Darlleen;Suzetta
1027;Consuela;Johanna
1028;Kayla;Baudin
1029;Darlleen;Goldina
1030;Chastity;Poppy
1031;Di;Goldina
1032;Joelly;Jenness
1033;Miquela;Ciapas
1034;Winifred;Marsden
1035;Florie;Lissi
1036;Roslyn;Regan
1037;Arabel;Dowski
1038;Gilligan;Pascia
1039;Trudie;Penelopa
1040;Odessa;Bach
1041;Kirbee;Sheng
1042;Florencia;Smitt
1043;Marti;Terencio
1044;Nanete;Tyson
1045;Allyce;Firmin
1046;Cissiee;McNully
1047;Daryl;Viddah
1048;Agathe;Gherardo
1049;Gabi;Ciro
1050;Ellette;Wooster
1051;Laure;Joachim
1052;Brandise;Minetta
1053;Lilith;Loleta
1054;Ricky;Ovid
1055;Nickie;Autrey
1056;Elvira;Ulphia
1057;Ida;Pozzy
1058;Amara;Uund
1059;Clarice;Haldas
1060;Renie;Quinn
1061;Sean;Zrike
1062;Lilith;Connelly
1063;Tori;Sisile
1064;Sophia;Jess
1065;Roslyn;Cadmar
1066;Sindee;Weaks
1067;Nataline;Greyson
1068;Fawne;Anyah
1069;Aryn;Lanita
1070;Arabel;Even
1071;Gratia;Alfons
1072;Emma;Kesley
1073;Raf;Bakerman
1074;Hannis;Edvard
1075;Hettie;Natalia
1076;Cristine;Magdalen
1077;Candy;Nickola
1078;Cindelyn;Lorenz
1079;Binny;Kendrick
1080;Kelly;Peonir
1081;Lulita;Erminia
1082;Clementine;Markman
1083;Jacenta;Flita
1084;Brynna;Ralfston
1085;Laure;Riordan
1086;Dawn;Constancy
1087;Sallie;Bennie
1088;Farrah;Stevy
1089;Allyce;Juan
1090;Nonnah;Timon
1091;Debee;Kathie
1092;Paule;Dom
1093;Emmey;Truc
1094;Myriam;Primalia
1095;Esmeralda;Edmund
1096;Annaliese;Linehan
1097;Diena;Xerxes
1098;Demetris;Ball
1099;Hallie;Grosz